sku,quantity
BFL623MV3,2
BEL653MS3,2
BFL634GS1,2
BFL634GW1,2
SR65ZX16ME,2
KI86NAD306,2
DWB66DM50,2
DWB96DM50,2
LC67KHM60,2
PPP6A2M90R,2
PGP6B2O92R,2
PGP6B5O93R,2
PGP6B6O93R,2
PGH6B5O93R,2
EN6B6PO92R,2
PNP6B2O92R,2
PNP6B6O92R,2
HBF011BR0Q,2
HB514FBR0T,2
HBF534EB0Q,2
HBF534ES0Q,2
HBJ558YS0Q,2
HBJ517YS0R,2
HB537A2S00,2
HBG635BB1,2
HBG635BS1,2
HB676G0S1,2
HM676G0S1,2
HBG6764B1,2
HSG656RS1,2
PKE611BA2E,2
PIB375FB1E,2
PUG61KAA5E,2
PUE611BB5E,2
PUF612FC5E,2
EU631FEB1E,2
PIF672FB1E,2
EX975LVC1E,2
PIE611B15E,2
CDG634AS0,2
CM678G4S1,2
SMS25AW01K,2
SPS2IKW04K,2
SMV2ITX14K,2
SPS2IKI02K,2
SP61IX05KK,2
SMV2IVX00K,2
SMV4HVX00K,2
SRV4XMX10K,2
SMH6ZCX40K,2
SMD6ZDX40K,2
WAN28262UA,2
WNA14400ME,2
WTH83001UA,2
WTH85204UA,2
WT45H000UA,2
KDN55NL20U,2
KGN39VL316,2
KGN39LB316,2
KGA76PI30U,2
BBS611LAG,2
BBZ152EF,2
BBZ154HF,2
BBZ156HF,2
BBZ16GALL,2
BBZ41FGALL,2
BBZWD4BAG,2
BCH86SIL1,2
BCHF2MX20,2
BCS8214ANM,2
BSS8224,2
BCH3K2301,2
BBS711ANM,2
BCS712XXL,2
BGBS2LB1,2
BGC05AAA2,2
BGB6X330,2
BGL6PET1,2
BGS05A220,2
BGS41PET1,2
BGS7POW1,2
BGS21X320,2
BGC21X350,2
BGS21POW2,2
BGS41POW2,2
BWD41700,2
BWD41740,2
FFL023MW0,2
FEL053MS2,2
MCP3000N,2
MES25G0,2
MES3500,2
MESM731M,2
MFQ2600W,2
MFQ3010,2
MFQ36490,2
MFQ36400,2
MFQ4020,2
MFQ40303,2
MFQ3650X,2
MFW2514W,2
MFW2515W,2
MFW3520W,2
MFW3640A,2
MFW3X10W,2
MFW3X14W,2
MFW3X15W,2
MFW3X17B,2
MFW3X18W,2
MMB6141B,2
MMB6172S,2
MMB6384M,2
MMB2111S,2
MMR08A1,2
MMR08R2,2
MS61B6150,2
MS62B6190,2
MS6CA4150,2
MS6CM6155,2
MS8CM6160,2
MS8CM6190,2
MS8CM61X1,2
MSM14200,2
MSM14500,2
MSM2620B,2
MSM26500,2
MUMS2AW00,2
MUMS2EW30,2
MUM58231,2
MUM58720,2
MUMS2VM40,2
MUZ9FW1,2
TAT4P424,2
TE653M11RW,2
TI353201RW,2
TSM6A013B,2
TSM6A014R,2
TWK3P420,2
TWK3P423,2
TWK5P475,2
TWK7601,2
TZ80001A,2
TZ80002A,2
40218060,4
10205279,1
40199510,10
40199061,10
41566011,1
111000005,5
111000009,1
111000046,7
111000011,4
111000015,1
111000013,3
41531024,1
41592223,3
111010010,2
111010011,1
111010012,1
111010014,1
111010015,1
111010016,3
41531030,2
40587603,1
41560160,1
89260611,2
89260614,2
89230512,1
55995020S,10
23938120W,3
38911502,2
116080000,10
629150210,3
116030047,3
116030048,5
116030046,10
116030035,8
116030023,10
33915020N,10
116030031,4
116030009,3
53995120FW,9
53995120CN,10
53995120Q,7
53995120S,10
8191362,10
97931802,7
55995020CN,10
55995020Q,10
249380200,1
111630001,1
111630003,2
40239025,1
40199260,1
40199270,2
40490149,2
40199038,10
40487180,1
40487181,5
112930031,1
112930032,1
112930033,1
112930030,1
112930024,1
112930027,2
112930005,1
112930039,3
112930040,2
112930044,6
790066400,2
40143510,9
40143562,4
40143561,2
40109615,4
11119201,3
115100021,1
115230013,6
115230012,9
115230011,10
115230014,10
40143351,1
40144515,10
115230027,10
115230026,7
115230022,10
11131022,1
115260005,10
10107018,10
10107021,4
11107038,3
115110015,10
115110016,10
40584001,3
40587100,1
112030003,1
40584403,3
112040001,4
41599012,10
40519710,1
111890005,2
111890006,2
88801300,10
61001195,10
112520013,6
10210184,3
112510025,1
40199236,5
113400000,2
113430005,10
101.0017.507,1
101.0255.783,6
101.0255.788,9
101.0330.658,9
101.0368.322,1
101.0381.767,8
101.0381.770,9
101.0381.806,7
101.0381.808,9
101.0381.809,9
101.0381.810,9
101.0381.836,5
101.0381.837,2
101.0381.838,2
101.0381.839,1
101.0456.706,9
101.0598.809,9
106.0183.080,3
106.0183.091,1
106.0183.104,3
106.0374.278,7
106.0374.280,2
106.0374.283,4
106.0374.292,2
106.0496.078,2
106.0525.290,3
106.0540.668,2
106.0541.746,2
106.0541.749,1
106.0541.750,1
106.0541.752,2
106.0541.753,1
106.0541.756,2
106.0541.758,2
106.0554.318,2
106.0554.382,3
106.0554.388,3
106.0554.391,2
106.0554.392,2
106.0554.393,1
106.0554.394,4
106.0554.404,7
106.0554.405,1
106.0554.411,1
106.0572.276,2
106.0670.112,1
106.0670.114,2
108.0373.665,1
108.0373.670,1
108.0377.090,2
108.0379.465,1
108.0390.419,1
108.0516.315,2
108.0516.320,7
108.0516.351,1
108.0606.106,6
108.0606.107,9
108.0606.108,9
108.0606.110,4
108.0606.111,9
108.0606.112,9
108.0613.587,4
108.0613.588,2
110.0200.714,9
110.0200.734,9
110.0260.618,2
110.0275.345,2
110.0275.346,9
110.0389.115,2
110.0392.878,3
110.0456.716,4
110.0456.718,1
110.0456.720,1
110.0456.723,7
110.0456.724,2
110.0473.545,9
110.0473.546,4
110.0473.547,4
112.0006.456,9
112.0007.662,1
112.0007.715,9
112.0016.755,9
112.0016.756,9
112.0030.882,9
112.0040.691,1
112.0048.209,9
112.0049.409,9
112.0052.781,2
112.0057.214,1
112.0066.060,9
112.0067.942,7
112.0068.244,9
112.0073.192,9
112.0075.642,3
112.0158.424,1
112.0174.991,7
112.0174.994,1
112.0176.753,2
112.0193.038,9
112.0197.447,1
112.0199.083,2
112.0199.086,1
112.0199.087,1
112.0250.014,4
112.0253.273,9
112.0256.867,9
112.0262.703,1
112.0285.247,2
112.0339.360,1
112.0389.090,9
112.0394.981,9
112.0442.942,1
112.0464.521,2
112.0464.522,9
112.0470.631,1
112.0470.632,1
112.0473.656,9
112.0473.657,5
112.0480.588,3
112.0489.809,4
112.0512.280,9
112.0517.083,1
112.0517.084,2
112.0520.471,1
112.0530.237,1
112.0530.238,9
112.0530.239,7
112.0530.322,7
112.0532.169,9
112.0538.950,9
112.0539.138,1
112.0539.568,3
112.0548.292,1
112.0548.447,2
112.0548.448,1
112.0564.564,9
112.0591.082,7
112.0595.334,9
112.0602.288,2
112.0619.946,9
112.0622.813,9
112.0622.814,9
112.0622.815,9
112.0622.816,1
112.0622.817,9
112.0622.819,6
112.0622.820,2
112.0622.821,8
112.0624.354,9
112.0624.895,7
112.0625.483,8
112.0625.486,9
112.0652.763,9
112.0655.481,9
112.0655.482,9
112.0655.483,9
112.0655.488,9
112.0655.489,9
112.0657.022,9
112.0657.146,9
112.0657.273,9
112.0657.383,9
112.0657.421,9
112.0657.945,9
112.0658.444,9
112.0658.484,9
112.0668.276,9
112.0670.893,9
114.0204.999,1
114.0205.032,5
114.0251.445,9
114.0251.446,3
114.0251.447,9
114.0254.780,9
114.0254.784,9
114.0254.785,9
114.0254.791,9
114.0254.792,9
114.0258.031,9
114.0258.039,7
114.0258.040,9
114.0258.042,9
114.0272.580,9
114.0272.595,9
114.0272.596,9
114.0272.599,9
114.0272.602,8
114.0272.603,9
114.0272.633,9
114.0272.634,3
114.0306.793,9
114.0306.795,9
114.0306.796,8
114.0306.799,9
114.0306.800,2
114.0306.814,9
114.0306.815,9
114.0306.816,9
114.0363.850,4
114.0363.932,3
114.0363.933,9
114.0363.934,3
114.0363.939,6
114.0363.940,9
114.0365.349,2
114.0365.397,1
114.0367.737,4
114.0374.914,8
114.0374.915,5
114.0374.916,9
114.0374.920,9
114.0374.951,9
114.0375.033,4
114.0375.035,3
114.0375.036,9
114.0375.037,2
114.0375.041,9
114.0375.044,6
114.0375.045,9
114.0375.046,9
114.0375.050,9
114.0380.983,9
114.0381.002,9
114.0381.005,4
114.0381.006,9
114.0381.007,8
114.0381.010,3
114.0381.015,9
114.0381.019,9
114.0381.020,5
114.0381.062,9
114.0381.064,9
114.0381.069,9
114.0381.072,9
114.0497.987,9
114.0497.988,9
114.0498.001,9
114.0498.007,9
114.0498.008,9
114.0498.010,9
114.0498.031,9
114.0498.032,6
114.0499.222,1
114.0499.223,9
114.0502.869,9
114.0502.870,9
114.0502.871,1
114.0565.087,9
114.0565.090,9
114.0565.111,9
114.0565.115,9
114.0565.117,7
114.0565.124,9
114.0574.931,9
114.0574.932,4
114.0574.933,3
114.0574.934,9
114.0574.937,4
114.0574.940,9
114.0574.941,9
114.0574.942,3
114.0574.944,9
114.0574.948,9
114.0574.951,9
114.0574.952,9
114.0574.953,9
114.0574.954,9
114.0574.955,9
114.0574.959,3
114.0574.960,9
114.0574.961,9
114.0574.962,5
114.0574.971,6
114.0574.975,9
114.0574.978,9
114.0574.979,9
114.0574.980,8
114.0574.981,9
114.0574.982,9
114.0574.989,9
114.0574.992,4
114.0575.041,9
114.0575.042,9
114.0576.308,9
114.0592.098,8
114.0593.306,1
114.0594.685,2
114.0594.822,1
114.0630.401,4
114.0630.413,9
114.0630.416,9
114.0630.417,9
114.0630.418,9
114.0630.419,9
114.0630.420,9
114.0630.421,9
114.0630.423,9
114.0630.424,9
114.0630.425,9
114.0630.426,9
114.0630.427,9
114.0630.428,9
114.0630.429,9
114.0630.431,9
114.0630.434,9
114.0630.435,9
114.0630.437,9
114.0630.439,9
114.0630.440,4
114.0630.442,3
114.0630.443,1
114.0630.444,7
114.0630.446,9
114.0630.447,6
114.0630.449,7
114.0630.450,9
114.0630.451,9
114.0630.453,6
114.0630.455,9
114.0630.457,9
114.0630.458,9
114.0630.459,9
114.0630.461,5
114.0630.463,7
114.0630.465,6
114.0630.466,9
114.0630.467,9
114.0630.469,6
114.0630.471,9
114.0630.473,5
114.0630.474,9
114.0630.475,8
114.0630.477,6
114.0630.479,9
114.0631.437,3
114.0631.438,9
114.0631.439,9
114.0631.461,4
114.0631.466,9
114.0631.468,9
114.0631.469,9
114.0631.513,2
114.0631.515,9
114.0652.620,2
114.0661.769,7
114.0661.770,6
114.0661.771,4
114.0661.782,2
114.0661.783,3
114.0661.784,1
114.0661.785,1
114.0663.895,9
114.0663.896,7
114.0663.897,9
114.0663.898,9
114.0667.446,9
114.0667.447,9
114.0667.448,9
114.0668.599,4
114.0668.817,3
114.0668.818,9
114.0668.819,9
114.0668.820,9
114.0668.861,9
114.0668.862,9
114.0668.863,9
114.0668.864,9
114.0668.865,9
114.0668.866,5
114.0668.867,9
114.0668.868,9
114.0668.901,9
114.0668.902,9
114.0668.903,9
114.0668.904,9
114.0668.905,9
114.0668.906,9
114.0668.907,9
115.0028.204,5
115.0028.205,9
115.0196.552,1
115.0250.143,9
115.0275.364,4
115.0275.366,9
115.0295.225,1
115.0347.111,8
115.0347.142,1
115.0370.689,9
115.0370.698,1
115.0370.703,5
115.0370.708,9
115.0370.709,6
115.0373.809,4
115.0373.820,3
115.0373.885,2
115.0373.890,2
115.0373.929,2
115.0373.930,9
115.0373.944,2
115.0392.332,3
115.0392.337,2
115.0392.353,1
115.0392.356,2
115.0392.357,5
115.0392.362,1
115.0392.367,1
115.0392.368,1
115.0392.369,1
115.0392.382,5
115.0470.653,1
115.0470.654,9
115.0470.655,2
115.0470.658,6
115.0470.659,4
115.0470.661,8
115.0470.663,6
115.0470.665,8
115.0470.666,2
115.0470.670,4
115.0470.675,9
115.0476.826,9
115.0486.976,1
115.0486.978,1
115.0486.992,8
115.0521.438,9
115.0521.441,9
115.0523.286,2
115.0523.290,2
115.0523.631,1
115.0524.921,1
115.0524.927,2
115.0524.929,7
115.0524.931,1
115.0529.202,9
115.0529.207,9
115.0534.219,1
115.0543.285,3
115.0543.294,2
115.0545.135,9
115.0546.115,1
115.0547.854,1
115.0550.424,9
115.0550.441,9
115.0550.442,5
115.0569.290,9
115.0569.461,9
115.0576.699,1
115.0590.044,8
115.0590.046,7
115.0595.083,1
115.0595.088,7
115.0595.091,4
115.0595.093,2
115.0596.388,2
115.0596.389,1
115.0600.095,2
115.0600.131,1
115.0613.590,9
115.0613.671,5
115.0621.546,8
115.0621.548,7
115.0621.549,2
115.0621.550,4
115.0621.591,5
115.0621.592,2
115.0621.594,2
115.0621.596,6
115.0621.599,2
115.0621.600,3
115.0621.611,3
115.0621.612,4
115.0621.615,4
115.0622.942,9
115.0622.943,9
115.0622.944,9
115.0622.945,9
115.0622.946,9
115.0622.947,9
115.0622.949,9
115.0622.964,2
115.0623.057,7
115.0623.059,9
115.0623.134,1
115.0623.136,6
115.0623.139,5
115.0623.141,7
115.0623.147,2
115.0625.185,2
115.0625.190,7
115.0625.489,4
115.0625.523,3
115.0625.524,6
115.0625.525,3
115.0625.527,1
115.0626.018,9
115.0626.020,9
115.0626.022,9
115.0626.024,9
115.0626.025,9
115.0626.026,9
115.0626.057,2
115.0626.081,9
115.0626.082,9
115.0626.084,7
115.0626.088,2
115.0628.204,5
115.0628.207,3
115.0628.208,1
115.0628.209,7
115.0628.210,4
115.0628.251,2
115.0628.252,4
115.0628.253,5
115.0628.256,8
115.0653.298,9
115.0653.299,2
115.0653.372,5
115.0653.373,9
115.0653.376,1
115.0653.378,9
115.0653.383,1
115.0653.384,8
115.0653.389,5
115.0653.395,4
115.0653.399,4
115.0653.405,1
115.0653.504,9
115.0653.505,9
115.0668.280,9
115.0669.768,9
115.0669.769,9
116.0183.281,3
116.0373.683,1
116.0373.684,3
116.0373.686,5
116.0373.687,6
116.0374.296,3
116.0374.301,1
116.0425.752,2
116.0525.341,1
116.0540.670,4
116.0541.714,1
116.0577.011,7
116.0605.987,2
116.0605.988,5
116.0605.990,8
116.0606.047,2
116.0606.091,2
116.0606.093,4
116.0606.094,6
116.0606.096,7
116.0606.097,6
116.0606.098,3
116.0606.099,3
116.0606.100,4
116.0609.447,6
116.0613.706,3
116.0613.707,3
117.0611.673,2
117.0611.674,6
117.0611.675,6
117.0616.305,5
118.0606.721,4
118.0606.722,4
118.0606.723,9
118.0627.481,4
118.0627.482,3
118.0629.526,6
118.0656.683,3
118.0656.684,5
119.0500.472,1
119.0547.902,9
119.0547.904,9
119.0547.906,9
119.0547.907,3
119.0547.909,1
119.0547.910,1
119.0547.911,6
119.0578.743,9
119.0578.744,9
119.0578.745,9
119.0578.746,9
119.0578.747,9
119.0578.748,9
119.0578.749,9
119.0578.750,9
119.0578.771,9
119.0584.065,9
120.0179.979,4
121.0176.518,9
121.0307.563,3
121.0494.192,9
121.0494.193,5
121.0557.763,9
121.0557.764,9
122.0021.439,5
122.0021.440,6
122.0021.441,7
122.0021.448,2
122.0039.092,2
122.0060.328,2
122.0204.647,2
122.0204.649,9
122.0598.646,9
122.0598.741,9
122.0600.933,9
122.0600.935,6
122.0600.945,9
124.0335.702,1
124.0335.706,2
124.0335.710,1
124.0335.851,2
124.0335.856,1
124.0335.862,1
124.0335.865,1
124.0335.866,1
124.0380.242,1
124.0380.246,1
124.0381.390,2
124.0381.404,2
124.0381.407,2
125.0395.602,9
125.0395.608,9
125.0395.610,9
125.0517.041,9
125.0517.044,9
125.0517.045,9
125.0517.046,9
125.0517.059,7
125.0517.092,9
125.0517.093,7
125.0517.098,9
125.0517.109,9
125.0517.122,9
125.0517.123,7
125.0517.124,9
125.0576.307,9
125.0576.309,9
125.0631.518,9
125.0631.519,9
125.0631.520,9
126.0335.712,1
126.0335.883,2
126.0380.350,2
127.0306.387,1
127.0369.056,3
127.0369.215,7
127.0369.250,6
127.0369.282,9
127.0369.284,9
127.0369.295,3
127.0371.513,6
127.0379.148,1
127.0437.882,9
127.0437.912,5
127.0437.913,2
127.0538.260,3
127.0579.559,2
127.0579.849,3
127.0598.745,9
127.0598.747,9
127.0598.748,9
127.0598.750,9
127.0603.515,8
127.0603.516,9
127.0603.517,5
131.0391.304,9
131.0574.627,9
131.0606.104,2
131.0606.105,2
131.0611.212,5
131.0627.471,9
131.0632.660,9
131.0640.710,6
131.0669.345,1
133.0026.896,9
133.0050.083,9
133.0301.740,9
133.0301.741,7
133.0301.743,9
133.0301.748,7
133.0391.835,9
133.0459.871,1
133.0517.050,4
133.0517.086,2
133.0533.532,9
133.0668.814,9
134.0535.229,9
135.0668.390,9
135.0668.444,9
135.0668.445,9
135.0668.446,9
135.0668.447,9
135.0668.448,9
135.0668.449,9
135.0668.450,9
135.0668.453,9
135.0668.454,9
135.0668.456,9
135.0668.459,9
135.0668.461,9
135.0668.463,9
135.0669.522,7
135.0669.523,2
135.0669.524,2
143.0603.532,9
143.0621.190,9
143.0621.332,9
143.0621.333,9
143.0621.334,9
143.0621.335,9
143.0621.337,9
143.0621.338,9
143.0621.339,9
143.0627.288,9
143.0627.381,9
143.0627.382,9
143.0627.383,9
143.0627.385,9
143.0627.387,1
143.0631.681,4
143.0632.385,9
143.0632.386,9
143.0632.390,9
143.0632.392,9
143.0632.393,9
143.0632.394,9
143.0632.395,9
143.0632.396,9
143.0670.104,9
143.0671.744,4
143.0671.747,9
143.0671.748,9
143.0671.749,9
143.0671.750,9
144.0649.546,9
144.0649.548,9
144.0649.549,9
144.0649.550,9
144.0649.561,9
144.0649.562,9
144.0649.563,9
144.0649.564,9
144.0649.565,9
305.0522.797,1
305.0522.799,2
305.0599.508,1
305.0599.510,3
305.0599.532,9
305.0599.533,9
305.0599.544,9
305.0662.834,7
305.0662.835,9
305.0662.836,5
305.0665.368,9
305.0665.369,9
315.0489.957,9
315.0489.958,9
315.0532.375,9
315.0547.794,9
315.0547.795,9
315.0547.796,9
315.0547.797,9
325.0518.709,2
325.0541.079,2
325.0541.094,3
325.0552.774,2
325.0590.996,8
325.0591.034,9
325.0591.036,8
325.0597.294,1
325.0654.002,5
330.0489.612,1
330.0528.020,3
330.0528.064,1
330.0542.181,2
330.0591.773,2
330.0591.778,2
335.0518.748,9
335.0530.199,1
335.0530.201,2
335.0530.202,1
335.0530.203,2
335.0588.180,9
335.0588.221,6
335.0588.222,4
335.0590.493,8
340.0597.249,3
340.0637.704,2
345.0529.584,1
345.0654.932,1
345.0654.933,3
137262,153
137267,51
137287,19
207360,1
211799,1
213567,2
213971,1
510769,4
511266,2
511519,2
585025,1
511124,1
214763,1
511920,10
214627,1
137924,40
503082,1
137984,7
512594,3
211771,2
218344,4
512881,4
128434,3
213471,1
207662,2
513395,1
513268,1
137024,2
513521,2
217697,4
128790,3
217492,1
214691,2
221110,13
221940,1
215709,1
221943,1
221339,2
513398,1
222115,5
218941,11
213071,5
515766,1
515990,3
221549,1
221552,1
515992,3
515974,1
222457,2
515972,1
214490,1
224044,5
514882,1
214749,19
224451,1
225088,6
517157,1
220145,2
517537,3
517593,1
517571,1
518203,1
222404,2
515331,1
517419,1
517467,2
227689,2
227692,2
517724,1
517721,2
517729,2
517732,1
224033,2
517470,2
223077,1
517742,1
519423,2
519418,1
519357,3
519422,2
517730,1
225089,1
519414,1
230700,1
226897,2
225112,1
212596,4
519670,2
519858,1
518814,1
212332,4
520787,2
231178,3
520748,4
521396,1
521302,1
521291,2
521456,1
232817,2
212330,4
521283,1
520307,1
520627,1
520779,2
520781,1
521277,1
520735,4
518793,2
520306,2
520753,1
218269,4
522229,1
522236,1
521475,2
521676,1
521678,1
521683,1
522206,2
522207,1
521628,1
521726,3
521463,1
521455,2
521730,2
234795,2
521468,2
521470,1
232459,2
522965,2
523135,4
523979,1
523131,1
523133,2
233696,3
235906,3
523282,1
523335,1
523337,1
523246,1
521300,6
234077,3
235866,1
234164,4
524725,1
525108,1
524672,1
523118,4
523119,3
523121,3
525207,1
525201,2
525203,2
525206,1
525205,1
523123,1
525814,1
525811,5
525815,3
526177,3
525813,3
521541,2
526152,1
526145,1
526159,3
525869,2
525890,1
525993,3
526001,4
526005,1
526019,1
238688,6
238482,4
526355,2
523328,1
526339,1
521349,3
526123,2
526212,2
239975,3
526377,2
221393,8
526208,2
526209,1
526210,2
526581,2
526582,1
526583,2
526585,2
526584,2
526580,2
526578,1
CLUT90.00#IF,5
KACL.510#X,1
CEUT90.E10#X4F,1
103050102,16
103050091,6
103050107,5
101079900 (235X245),3
KACL.558#X,1
KCLXN.00#X,1
KACL.202,1
KACL.204,2
KACL.815,6
CJSN67.E0P2#ZZZI491F,1
PROLUNGA RUSTICA,1
KACL.065,1
KACL.805#N,1
10506070T#46,2
KCADN90.00#I,1
101080134,7
101079900,7
101080130,1
KACL.786#41F,3
CEVI70.00P2#ZZZI491F,1
CNUI40.03P2#ZZZI400N,2
CJRN67.E50P2#ZZZI491F,1
CJSI67.E50P2#ZZZI491F,1
CLDN60.E1P2#ZZZI491F,1
CLDN90.E1P2#ZZZI491F,1
Vetro Laguna Is. 90 Nero,1
CPCN90.E0P2#ZZZB491F,1
KCQAN.00#I,1
KACL.572#I,1
KACL.575#I,2
KACL.782#49F,3
KACL.784#46F,1
CGIW70.E10P6#ZZZF491F,5
KACL.260,1
CLDI6075.E0P2#ZZZI491F,2
KACL.822#N,1
KACL.352,4
KACL.920,1
CEMN66.E0P6#ZZZX441F,1
101078811,2
KACL.824#N,1
KACL.825#N,1
CMWN40.E0P2#ZZZB491F,1
CLDN6087.E0P2#ZZZI491F,3
CGIW05.E11P2#ZZZI491F,7
CQPN90.E0P2#ZZZN491F,1
CFPN85.E2P2#ZZZF490F,1
CLMI90.00P2#NEUI490F,1
CMKN90.E0P2#ZZZF490F,1
KACL.929,3
CMKN60.E0P2#ZZZF490F,2
CMKN90.E0P2#ZZZN490F,4
CPLI90.E0P1#491F,1
CZEI00.E0P2#ZZZI490F,1
CELN67.E0P6#ZZZF441F,1
101078900,4
101079910,14
101079951,4
101080240,9
101080245,7
KACL.106,1
KACL.107,1
KACL.108,1
KACL.127,2
KACL.128,2
KACL.274,1
KACL.796#4AF,4
KACL.840#I,1
KACL.938,1
KCHZN.00#I,1
KCVJN.00#3,2
CZUN90.E0P2#ZZZI410F,1
CLUI75.E1P2#NEUI491F,1
CGRW70.E1P2#ZZZI491F,2
CQPN90.E1P2#ZZZF491F,1
CMKN90.E4P2#ZZZN490F,1
CGXW50.E0P6#ZZZI441F,1
CGXW70.E0P6#ZZZI441F,1
KACL.746#IF,1
KACL.746#HF,1
KACL.744#IF,1
KACL.745#IF,1
KACL.748#HF,1
KACL.748#IF,2
CUZW90.00P8#ZZZI460F,1
CBIN70.E4#ZZZ3460F,10
CBIN70.E4#ZZZN460F,1
101080087,8
101080088,11
CBIN70.E4#ZZZB460F,2
CMIN90.00#FRAT461F,1
KACL.143,2
500016413#I,2
500016412#I,2
CVJN60.E13P2#ZZZ3490F,2
CVJN90.E13P2#ZZZ3490F,1
CVJN90.E13P2#ZZZN490F,1
CVJN20.E13P2#ZZZN490F,1
CBIN50.E10#ZZZ3460F,5
CGPW90.E2P2#ZZZI491F,7
KCPLN.000#B,1
CBIN70.E10#ZZZN460F,4
CSKI20.E0P2#ZZZI400F,1
CSMI90.E1P2#ZZZB400F,1
CNUI90.E1P2#ZZZI400F,2
CVJN90.E17P2#ZZZ3460F,2
CVJN90.E17P2#ZZZN460F,1
CLUI75.E0P2#NEUI490F,2
CEUI90.E10P2#ZZZI491F,2
CEUT90.E10#I4F,2
CLUI75.E4P2#NEUI490F,1
60001R9A6#N,1
8409030,1
SBSesf 7212,8
GP 1376,114
GNP 2313,5
9096214,13
Tb 1400,8
UG 1211,3
SGN 3036,25
7422828,13
9881140,2
9881291,1
9881287,1
6009158,8
9881172,2
9096414,11
9881801,1
KB 4330,4
KBef 4330,7
CN 4835,1
CBNbs 4878,1
CNef 5735,1
CBNef 5735,3
CBNbe 5778,3
CBNes 5778,5
SBSes 8496,4
GN 5275,5
GN 5235,7
CN 5735,11
9901458,1
CFf 1870,27
9901787,1
9882459,8
SRe 5220,3
SRsde 5220,1
SRbde 5220,1
SRsdd 5250,3
RBe 5220,1
SRBsfe 5220,3
SRBsdd 5250,2
CNgwd 5723,2
CNd 5753,6
CNsdd 5753,3
CBNd 5223,1
SCNsdd 5253,3
CBNsdb 5753,1
FNd 525i,3
FNsdd 5257,1
SFNsdd 5257,2
SBNsdd 5264,2
SCNsdd 5253 617,4
6125778,2
G 1213,119
T 1410,9
T 1414,38
CT 2931,53
CU 2331,1
CU 2831,10
CU 3331,81
Ksl 2834,2
Re 5220,3
Rsfe 5220,2
CNf 5203,9
CNsff 5203,5
CNsff 5703,8
CNbef 5723,1
FNf 4204,1
FNf 4605,1
FNf 5207,2
FNsfe 5227,4
SFNe 5227,2
SFNsfe 5227,2
GNP 1913 (GNw 1360),205
WKes 653,2
WKes 4552,6
WKt 4552,3
WTes 5872,2
WKb 1812,13
WKEes 553,1
IG 1024,5
IGN 1064,4
SIGN 2756,2
SIGN 3576,4
SUIB 1550,3
ICNd 5153,17
IRd 3950,1
IFNe 3553,4
IFNd 3954,9
SIFNf 5108,25
NICG 130,4
NICR 1030,1
NIMC 1000,82
NICR 930,22
NICR 1040,3
NIRF 701,13
NIMC 1000_Промо,70
NIML 220,21
7944976,1
